username,password,edad
user001,Pass001!,19
user002,Pass002!,20
user003,Pass003!,21
user004,Pass004!,22
user005,Pass005!,15
user006,Pass006!,24
user007,Pass007!,25
user008,Pass008!,26
user009,Pass009!,27
user010,Pass010!,16
user011,Pass011!,29
user012,Pass012!,30
user013,Pass013!,31
user014,Pass014!,32
user015,Pass015!,17
user016,Pass016!,34
user017,Pass017!,35
user018,Pass018!,36
user019,Pass019!,37
user020,Pass020!,14
user021,Pass021!,39
user022,Pass022!,40
user023,Pass023!,41
user024,Pass024!,42
user025,Pass025!,15
user026,Pass026!,44
user027,Pass027!,45
user028,Pass028!,46
user029,Pass029!,47
user030,Pass030!,16
user031,Pass031!,49
user032,Pass032!,50
user033,Pass033!,51
user034,Pass034!,52
user035,Pass035!,17
user036,Pass036!,54
user037,Pass037!,55
user038,Pass038!,56
user039,Pass039!,57
user040,Pass040!,14
user041,Pass041!,59
user042,Pass042!,60
user043,Pass043!,61
user044,Pass044!,62
user045,Pass045!,15
user046,Pass046!,19
user047,Pass047!,20
user048,Pass048!,21
user049,Pass049!,22
user050,Pass050!,16
user051,Pass051!,24
user052,Pass052!,25
user053,Pass053!,26
user054,Pass054!,27
user055,Pass055!,17
user056,Pass056!,29
user057,Pass057!,30
user058,Pass058!,31
user059,Pass059!,32
user060,Pass060!,14
user061,Pass061!,34
user062,Pass062!,35
user063,Pass063!,36
user064,Pass064!,37
user065,Pass065!,15
user066,Pass066!,39
user067,Pass067!,40
user068,Pass068!,41
user069,Pass069!,42
user070,Pass070!,16
user071,Pass071!,44
user072,Pass072!,45
user073,Pass073!,46
user074,Pass074!,47
user075,Pass075!,17
user076,Pass076!,49
user077,Pass077!,50
user078,Pass078!,51
user079,Pass079!,52
user080,Pass080!,14
user081,Pass081!,54
user082,Pass082!,55
user083,Pass083!,56
user084,Pass084!,57
user085,Pass085!,15
user086,Pass086!,59
user087,Pass087!,60
user088,Pass088!,61
user089,Pass089!,62
user090,Pass090!,16
user091,Pass091!,19
user092,Pass092!,20
user093,Pass093!,21
user094,Pass094!,22
user095,Pass095!,17
user096,Pass096!,24
user097,Pass097!,25
user098,Pass098!,26
user099,Pass099!,27
user100,Pass100!,14
user101,Pass101!,29
user102,Pass102!,30
user103,Pass103!,31
user104,Pass104!,32
user105,Pass105!,15
user106,Pass106!,34
user107,Pass107!,35
user108,Pass108!,36
user109,Pass109!,37
user110,Pass110!,16
user111,Pass111!,39
user112,Pass112!,40
user113,Pass113!,41
user114,Pass114!,42
user115,Pass115!,17
user116,Pass116!,44
user117,Pass117!,45
user118,Pass118!,46
user119,Pass119!,47
user120,Pass120!,14
user121,Pass121!,49
user122,Pass122!,50
user123,Pass123!,51
user124,Pass124!,52
user125,Pass125!,15
user126,Pass126!,54
user127,Pass127!,55
user128,Pass128!,56
user129,Pass129!,57
user130,Pass130!,16
user131,Pass131!,59
user132,Pass132!,60
user133,Pass133!,61
user134,Pass134!,62
user135,Pass135!,17
user136,Pass136!,19
user137,Pass137!,20
user138,Pass138!,21
user139,Pass139!,22
user140,Pass140!,14
user141,Pass141!,24
user142,Pass142!,25
user143,Pass143!,26
user144,Pass144!,27
user145,Pass145!,15
user146,Pass146!,29
user147,Pass147!,30
user148,Pass148!,31
user149,Pass149!,32
user150,Pass150!,16
user151,Pass151!,34
user152,Pass152!,35
user153,Pass153!,36
user154,Pass154!,37
user155,Pass155!,17
user156,Pass156!,39
user157,Pass157!,40
user158,Pass158!,41
user159,Pass159!,42
user160,Pass160!,14
user161,Pass161!,44
user162,Pass162!,45
user163,Pass163!,46
user164,Pass164!,47
user165,Pass165!,15
user166,Pass166!,49
user167,Pass167!,50
user168,Pass168!,51
user169,Pass169!,52
user170,Pass170!,16
user171,Pass171!,54
user172,Pass172!,55
user173,Pass173!,56
user174,Pass174!,57
user175,Pass175!,17
user176,Pass176!,59
user177,Pass177!,60
user178,Pass178!,61
user179,Pass179!,62
user180,Pass180!,14
user181,Pass181!,19
user182,Pass182!,20
user183,Pass183!,21
user184,Pass184!,22
user185,Pass185!,15
user186,Pass186!,24
user187,Pass187!,25
user188,Pass188!,26
user189,Pass189!,27
user190,Pass190!,16
user191,Pass191!,29
user192,Pass192!,30
user193,Pass193!,31
user194,Pass194!,32
user195,Pass195!,17
user196,Pass196!,34
user197,Pass197!,35
user198,Pass198!,36
user199,Pass199!,37
user200,Pass200!,14
user201,Pass201!,39
user202,Pass202!,40
user203,Pass203!,41
user204,Pass204!,42
user205,Pass205!,15
user206,Pass206!,44
user207,Pass207!,45
user208,Pass208!,46
user209,Pass209!,47
user210,Pass210!,16
user211,Pass211!,49
user212,Pass212!,50
user213,Pass213!,51
user214,Pass214!,52
user215,Pass215!,17
user216,Pass216!,54
user217,Pass217!,55
user218,Pass218!,56
user219,Pass219!,57
user220,Pass220!,14
user221,Pass221!,59
user222,Pass222!,60
user223,Pass223!,61
user224,Pass224!,62
user225,Pass225!,15
user226,Pass226!,19
user227,Pass227!,20
user228,Pass228!,21
user229,Pass229!,22
user230,Pass230!,16
user231,Pass231!,24
user232,Pass232!,25
user233,Pass233!,26
user234,Pass234!,27
user235,Pass235!,17
user236,Pass236!,29
user237,Pass237!,30
user238,Pass238!,31
user239,Pass239!,32
user240,Pass240!,14
user241,Pass241!,34
user242,Pass242!,35
user243,Pass243!,36
user244,Pass244!,37
user245,Pass245!,15
user246,Pass246!,39
user247,Pass247!,40
user248,Pass248!,41
user249,Pass249!,42
user250,Pass250!,16
user251,Pass251!,44
user252,Pass252!,45
user253,Pass253!,46
user254,Pass254!,47
user255,Pass255!,17
user256,Pass256!,49
user257,Pass257!,50
user258,Pass258!,51
user259,Pass259!,52
user260,Pass260!,14
user261,Pass261!,54
user262,Pass262!,55
user263,Pass263!,56
user264,Pass264!,57
user265,Pass265!,15
user266,Pass266!,59
user267,Pass267!,60
user268,Pass268!,61
user269,Pass269!,62
user270,Pass270!,16
user271,Pass271!,19
user272,Pass272!,20
user273,Pass273!,21
user274,Pass274!,22
user275,Pass275!,17
user276,Pass276!,24
user277,Pass277!,25
user278,Pass278!,26
user279,Pass279!,27
user280,Pass280!,14
user281,Pass281!,29
user282,Pass282!,30
user283,Pass283!,31
user284,Pass284!,32
user285,Pass285!,15
user286,Pass286!,34
user287,Pass287!,35
user288,Pass288!,36
user289,Pass289!,37
user290,Pass290!,16
user291,Pass291!,39
user292,Pass292!,40
user293,Pass293!,41
user294,Pass294!,42
user295,Pass295!,17
user296,Pass296!,44
user297,Pass297!,45
user298,Pass298!,46
user299,Pass299!,47
user300,Pass300!,14
user301,Pass301!,49
user302,Pass302!,50
user303,Pass303!,51
user304,Pass304!,52
user305,Pass305!,15
user306,Pass306!,54
user307,Pass307!,55
user308,Pass308!,56
user309,Pass309!,57
user310,Pass310!,16
user311,Pass311!,59
user312,Pass312!,60
user313,Pass313!,61
user314,Pass314!,62
user315,Pass315!,17
user316,Pass316!,19
user317,Pass317!,20
user318,Pass318!,21
user319,Pass319!,22
user320,Pass320!,14
user321,Pass321!,24
user322,Pass322!,25
user323,Pass323!,26
user324,Pass324!,27
user325,Pass325!,15
user326,Pass326!,29
user327,Pass327!,30
user328,Pass328!,31
user329,Pass329!,32
user330,Pass330!,16
user331,Pass331!,34
user332,Pass332!,35
user333,Pass333!,36
user334,Pass334!,37
user335,Pass335!,17
user336,Pass336!,39
user337,Pass337!,40
user338,Pass338!,41
user339,Pass339!,42
user340,Pass340!,14
user341,Pass341!,44
user342,Pass342!,45
user343,Pass343!,46
user344,Pass344!,47
user345,Pass345!,15
user346,Pass346!,49
user347,Pass347!,50
user348,Pass348!,51
user349,Pass349!,52
user350,Pass350!,16
user351,Pass351!,54
user352,Pass352!,55
user353,Pass353!,56
user354,Pass354!,57
user355,Pass355!,17
user356,Pass356!,59
user357,Pass357!,60
user358,Pass358!,61
user359,Pass359!,62
user360,Pass360!,14
user361,Pass361!,19
user362,Pass362!,20
user363,Pass363!,21
user364,Pass364!,22
user365,Pass365!,15
user366,Pass366!,24
user367,Pass367!,25
user368,Pass368!,26
user369,Pass369!,27
user370,Pass370!,16
user371,Pass371!,29
user372,Pass372!,30
user373,Pass373!,31
user374,Pass374!,32
user375,Pass375!,17
user376,Pass376!,34
user377,Pass377!,35
user378,Pass378!,36
user379,Pass379!,37
user380,Pass380!,14
user381,Pass381!,39
user382,Pass382!,40
user383,Pass383!,41
user384,Pass384!,42
user385,Pass385!,15
user386,Pass386!,44
user387,Pass387!,45
user388,Pass388!,46
user389,Pass389!,47
user390,Pass390!,16
user391,Pass391!,49
user392,Pass392!,50
user393,Pass393!,51
user394,Pass394!,52
user395,Pass395!,17
user396,Pass396!,54
user397,Pass397!,55
user398,Pass398!,56
user399,Pass399!,57
user400,Pass400!,14
user401,Pass401!,59
user402,Pass402!,60
user403,Pass403!,61
user404,Pass404!,62
user405,Pass405!,15
user406,Pass406!,19
user407,Pass407!,20
user408,Pass408!,21
user409,Pass409!,22
user410,Pass410!,16
user411,Pass411!,24
user412,Pass412!,25
user413,Pass413!,26
user414,Pass414!,27
user415,Pass415!,17
user416,Pass416!,29
user417,Pass417!,30
user418,Pass418!,31
user419,Pass419!,32
user420,Pass420!,14
user421,Pass421!,34
user422,Pass422!,35
user423,Pass423!,36
user424,Pass424!,37
user425,Pass425!,15
user426,Pass426!,39
user427,Pass427!,40
user428,Pass428!,41
user429,Pass429!,42
user430,Pass430!,16
user431,Pass431!,44
user432,Pass432!,45
user433,Pass433!,46
user434,Pass434!,47
user435,Pass435!,17
user436,Pass436!,49
user437,Pass437!,50
user438,Pass438!,51
user439,Pass439!,52
user440,Pass440!,14
user441,Pass441!,54
user442,Pass442!,55
user443,Pass443!,56
user444,Pass444!,57
user445,Pass445!,15
user446,Pass446!,59
user447,Pass447!,60
user448,Pass448!,61
user449,Pass449!,62
user450,Pass450!,16
user451,Pass451!,19
user452,Pass452!,20
user453,Pass453!,21
user454,Pass454!,22
user455,Pass455!,17
user456,Pass456!,24
user457,Pass457!,25
user458,Pass458!,26
user459,Pass459!,27
user460,Pass460!,14
user461,Pass461!,29
user462,Pass462!,30
user463,Pass463!,31
user464,Pass464!,32
user465,Pass465!,15
user466,Pass466!,34
user467,Pass467!,35
user468,Pass468!,36
user469,Pass469!,37
user470,Pass470!,16
user471,Pass471!,39
user472,Pass472!,40
user473,Pass473!,41
user474,Pass474!,42
user475,Pass475!,17
user476,Pass476!,44
user477,Pass477!,45
user478,Pass478!,46
user479,Pass479!,47
user480,Pass480!,14
user481,Pass481!,49
user482,Pass482!,50
user483,Pass483!,51
user484,Pass484!,52
user485,Pass485!,15
user486,Pass486!,54
user487,Pass487!,55
user488,Pass488!,56
user489,Pass489!,57
user490,Pass490!,16
user491,Pass491!,59
user492,Pass492!,60
user493,Pass493!,61
user494,Pass494!,62
user495,Pass495!,17
user496,Pass496!,19
user497,Pass497!,20
user498,Pass498!,21
user499,Pass499!,22
user500,Pass500!,14
